                  epoch,         train/box_loss,         train/cls_loss,         train/dfl_loss,   metrics/precision(B),      metrics/recall(B),       metrics/mAP50(B),    metrics/mAP50-95(B),           val/box_loss,           val/cls_loss,           val/dfl_loss,                 lr/pg0,                 lr/pg1,                 lr/pg2
                      1,                 1.4293,                 2.3229,                  1.599,                0.48077,                0.56503,                0.51372,                0.35565,                0.98785,                 1.3769,                 1.2806,             0.00036928,             0.00036928,             0.00036928
                      2,                  1.073,                 1.5971,                 1.3054,                0.61404,                0.61674,                0.64197,                0.46225,                0.88197,                 1.1279,                 1.1909,               0.000703,               0.000703,               0.000703
                      3,                 1.0153,                 1.3939,                 1.2544,                0.62563,                0.59847,                0.61219,                0.44518,                0.86149,                 1.1373,                 1.1748,              0.0010001,              0.0010001,              0.0010001
                      4,                0.97021,                 1.2655,                 1.2298,                0.65255,                0.66073,                 0.6993,                0.51054,                0.85538,                0.96584,                 1.1544,             0.00094602,             0.00094602,             0.00094602
                      5,                0.93817,                 1.1857,                 1.2017,                0.71037,                0.66518,                0.72391,                 0.5462,                0.78719,                 0.9171,                  1.112,             0.00094602,             0.00094602,             0.00094602
