                  epoch,         train/box_loss,         train/cls_loss,         train/dfl_loss,   metrics/precision(B),      metrics/recall(B),       metrics/mAP50(B),    metrics/mAP50-95(B),           val/box_loss,           val/cls_loss,           val/dfl_loss,                 lr/pg0,                 lr/pg1,                 lr/pg2
                      1,                0.98917,                 2.2226,                 1.2633,                0.45638,                0.55805,                0.49677,                0.34844,                 0.9139,                 1.7041,                 1.1899,             0.00036928,             0.00036928,             0.00036928
                      2,                 0.9672,                 1.6697,                 1.2135,                0.59443,                 0.5277,                0.57344,                0.40372,                0.91244,                 1.2631,                 1.1761,             0.00066639,             0.00066639,             0.00066639
                      3,                0.94285,                 1.4241,                 1.1891,                0.61845,                0.57562,                0.62233,                0.45615,                 0.8672,                 1.1466,                 1.1427,             0.00089018,             0.00089018,             0.00089018
                      4,                0.90165,                 1.2772,                 1.1637,                0.66262,                0.59604,                0.64961,                0.48592,                0.80063,                 1.1088,                 1.1103,             0.00078103,             0.00078103,             0.00078103
                      5,                0.87604,                 1.1787,                 1.1479,                0.65194,                 0.6363,                0.67776,                0.50874,                0.79568,                 1.0133,                 1.1037,             0.00078103,             0.00078103,             0.00078103
